{
    "products" : [
        {
            "id" : 1,
            "title" : "product 1",
            "category" : "electronics",
            "price" : 5000,
            "discription" : "This is discription about product 1"
        },
        {
            "id" : 2,
            "title" : "product 2",
            "category" : "shop",
            "price" : 4000,
            "discription" : "This is discription about product 2"
        },
        {
            "id" : 3,
            "title" : "product 3",
            "category" : "books",
            "price" : 3000,
            "discription" : "This is discription about product 3"
        },
        {
            "id" : 4,
            "title" : "product 4",
            "category" : "clothes",
            "price" : 7000,
            "discription" : "This is discription about product 4"
        },
        {
            "id" : 5,
            "title" : "product 5",
            "category" : "electronics",
            "price" : 2000,
            "discription" : "This is discription about product 5"
        },
        {
            "id" : 6,
            "title" : "product 6",
            "category" : "tech",
            "price" : 15000,
            "discription" : "This is discription about product 6"
        },
        {
            "id" : 7,
            "title" : "product 7",
            "category" : "civil",
            "price" : 9000,
            "discription" : "This is discription about product 7"
        }
        , {
            "id" : 8,
            "title" : "product 8",
            "category" : "goods",
            "price" : 6000,
            "discription" : "This is discription about product 8"
        }
        , {
            "id" : 9,
            "title" : "product 9",
            "category" : "vehicles",
            "price" : 1000,
            "discription" : "This is discription about product 9"
        },
        {
            "id" : 10,
            "title" : "product 10",
            "category" : "electronics",
            "price" : 5000,
            "discription" : "This is discription about product 10",
            "discount" : {
                "type" : "shipping"
            }
        }
    ],
    "reviews" : [
        {
            "id" : 1,
            "rating":3,
            "comment":"Review 1 for product id 1",
            "productId":1
        },
        {
            "id" : 2,
            "rating":4,
            "comment":"Review 2 for product id 1",
            "productId":1
        },
        {
            "id" : 3,
            "rating":3,
            "comment":"Review 3 for product id 1",
            "productId":1
        },
        {
            "id" : 4,
            "rating":2,
            "comment":"Review 4 for product id 2",
            "productId":2
        },
        {
            "id" : 5,
            "rating":5,
            "comment":"Review 5 for product id 3",
            "productId":3
        }
    ]
}